[xchg mov mov], 8
[mov mov mov], 3969
[mov mov lea], 121
[mov lea retn], 7
[mov mov push], 35
[mov push sub], 12
[push sub mov], 28
[sub mov mov], 31
[mov mov call], 106
[mov call mov], 143
[call mov mov], 113
[call mov test], 3
[mov test mov], 6
[test mov mov], 25
[mov mov cmovs], 4
[mov cmovs add], 3
[cmovs add pop], 3
[add pop retn], 14
[mov push push], 37
[push push push], 117
[push push lea], 7
[push lea mov], 1
[lea mov call], 43
[mov call sub], 2
[call sub movaps], 2
[sub movaps movaps], 4
[movaps movaps movaps], 26
[movaps movaps mov], 11
[movaps mov xor], 5
[mov xor mov], 78
[xor mov mov], 81
[mov mov movsd], 9
[mov movsd lea], 4
[movsd lea movsd], 1
[lea movsd mov], 2
[movsd mov movsd], 2
[mov movsd movsd], 3
[movsd movsd movsd], 5
[movsd movsd mov], 3
[movsd mov mov], 11
[mov mov xchg], 9
[mov xchg cmp], 2
[xchg cmp ja], 2
[cmp ja lea], 6
[ja lea mov], 6
[lea mov add], 7
[mov add jmp], 51
[add jmp mov], 60
[jmp mov mov], 277
[mov movsd mov], 5
[movsd mov movups], 1
[mov movups mov], 10
[movups mov xor], 1
[mov xor movups], 2
[xor movups mov], 1
[movups mov mov], 14
[mov lea mov], 167
[lea mov nop], 3
[mov nop cmp], 6
[nop cmp ja], 10
[cmp ja mov], 44
[ja mov add], 43
[mov mov jmp], 258
[mov jmp mov], 331
[jmp mov add], 16
[mov add cmp], 17
[add cmp jnb], 17
[cmp jnb inc], 6
[jnb inc mov], 6
[inc mov mov], 13
[mov jmp movaps], 8
[jmp movaps lea], 7
[movaps lea movaps], 2
[lea movaps lea], 1
[movaps lea call], 1
[lea call mov], 44
[mov mov xor], 47
[xor movups movups], 1
[movups movups movsd], 14
[movups movsd jmp], 4
[movsd jmp lea], 2
[jmp lea mov], 40
[lea mov mov], 119
[call mov xor], 13
[mov jmp cmp], 50
[jmp cmp mov], 64
[cmp mov mov], 54
[mov mov cmovnb], 12
[mov cmovnb jmp], 15
[cmovnb jmp test], 1
[jmp test mov], 25
[test mov cmovnz], 5
[mov cmovnz jmp], 29
[cmovnz jmp mov], 20
[mov mov nop], 58
[mov nop mov], 50
[nop mov sub], 40
[mov sub jz], 75
[sub jz sub], 85
[jz sub jz], 115
[sub jz cmp], 105
[jz cmp jnz], 108
[cmp jnz mov], 98
[jnz mov mov], 65
[jmp mov jmp], 107
[mov xor jmp], 16
[xor jmp movups], 1
[jmp movups movups], 7
[movsd jmp movaps], 1
[jmp movaps movups], 1
[movaps movups movups], 1
[movups movups movups], 47
[movups movsd mov], 3
[nop mov test], 13
[mov test jz], 34
[test jz sub], 30
[mov lea cmp], 8
[lea cmp ja], 20
[mov jmp xor], 18
[jmp xor lea], 1
[xor lea mov], 10
[lea mov movaps], 15
[mov movaps call], 13
[movaps call mov], 9
[call mov jmp], 35
[mov mov cmp], 20
[mov cmp ja], 17
[add jmp cmp], 7
[mov mov cmovz], 28
[mov cmovz jmp], 32
[cmovz jmp add], 1
[jmp add mov], 1
[add mov jmp], 8
[cmp mov cmovnz], 4
[cmovnz jmp cmp], 3
[cmovnz jmp lea], 3
[lea mov jmp], 20
[movaps lea mov], 9
[lea mov xorps], 1
[mov xorps mov], 3
[xorps mov call], 1
[call mov lea], 46
[mov mov movups], 14
[mov movups movups], 16
[movups movsd movups], 4
[movsd movups xorps], 1
[movups xorps movsd], 1
[xorps movsd call], 1
[movsd call mov], 4
[mov mov cmovnz], 20
[cmovnz jmp movzx], 1
[jmp movzx lea], 1
[movzx lea mov], 2
[movaps call add], 1
[call add mov], 1
[add mov xor], 1
[mov xor lea], 9
[mov jmp movups], 4
[jmp movups mov], 2
[movups mov movsd], 1
[mov movsd movq], 1
[movsd movq movups], 2
[movq movups movups], 3
[jmp mov lea], 55
[mov lea movaps], 2
[lea movaps call], 2
[mov jmp test], 21
[jnz mov xor], 5
[xor mov jmp], 8
[mov call xor], 10
[call xor mov], 9
[cmovnz jmp xor], 2
[jmp xor mov], 23
[xor mov nop], 2
[jmp mov neg], 6
[mov neg sbb], 17
[neg sbb add], 7
[sbb add jmp], 10
[mov lea call], 37
[cmovz jmp xor], 2
[mov mov sub], 34
[lea mov lea], 57
[mov xor call], 16
[xor call mov], 12
[jmp mov xor], 36
[xor call lea], 3
[call lea mov], 20
[mov movaps movaps], 7
[movaps mov pop], 10
[mov pop pop], 17
[pop pop pop], 117
[pop pop retn], 37
[pop retn call], 10
[push sub movaps], 10
[sub movaps mov], 11
[movaps mov movaps], 9
[mov movaps mov], 16
[movaps mov movzx], 1
[mov movzx mov], 1
[movzx mov mov], 2
[mov mov test], 14
[mov mov movaps], 15
[xor jmp cmp], 1
[cmovz jmp mov], 23
[jnz mov jmp], 13
[mov mov movzx], 1
[mov movzx jmp], 1
[movzx jmp mov], 1
[mov movaps add], 3
[movaps add pop], 4
[push push sub], 29
[sub mov xor], 7
[mov lea lea], 21
[lea lea cmp], 1
[cmovnb jmp mov], 10
[cmp jnb mov], 6
[jnb mov inc], 6
[mov inc mov], 8
[inc mov jmp], 11
[mov jmp lea], 34
[lea lea mov], 15
[mov call inc], 3
[call inc mov], 3
[cmp mov cmovnb], 3
[cmovnb jmp cmp], 2
[cmp mov setb], 1
[mov setb add], 1
[setb add jmp], 1
[mov mov neg], 11
[neg sbb and], 10
[sbb and jmp], 11
[and jmp mov], 9
[xor jmp lea], 1
[mov lea xor], 10
[lea xor jmp], 3
[xor jmp mov], 23
[call mov add], 7
[mov add pop], 20
[add pop pop], 20
[push lea sub], 7
[lea sub mov], 5
[mov nop lea], 4
[nop lea cmp], 8
[jmp cmp sbb], 3
[cmp sbb add], 3
[xor mov lea], 1
[cmp mov cmovz], 3
[xor mov xor], 1
[mov mov pop], 7
[movaps mov mov], 12
[mov lea nop], 4
[lea nop cmp], 2
[xor mov cmp], 5
[mov cmp setnz], 2
[cmp setnz add], 2
[setnz add jmp], 5
[mov xor cmp], 1
[xor cmp ja], 1
[add jmp call], 1
[jmp call mov], 2
[mov xchg mov], 7
[xchg mov sub], 4
[mov lea jmp], 12
[lea jmp mov], 17
[lea mov xor], 12
[mov xor xor], 1
[xor xor mov], 2
[xor mov call], 12
[jmp xor jmp], 3
[mov call movups], 7
[call movups movups], 6
[movups movups mov], 8
[xchg mov test], 3
[mov lea movdqa], 1
[lea movdqa movq], 1
[movdqa movq psrldq], 1
[movq psrldq movq], 1
[psrldq movq call], 1
[movq call mov], 2
[mov call movaps], 1
[call movaps lea], 3
[mov movups jmp], 3
[movups jmp movups], 3
[movups movups jmp], 6
[movups movups lea], 2
[movups lea mov], 2
[movaps mov movsd], 1
[cmp jnz xor], 4
[jnz xor jmp], 3
[cmp jnz lea], 7
[jnz lea mov], 6
[movaps call lea], 6
[jmp movaps mov], 1
[jmp movaps movaps], 1
[movaps movaps add], 2
[movaps add retn], 1
[jnz mov add], 1
[mov add retn], 1
[add retn mov], 1
[retn mov jmp], 2
[mov mov dec], 3
[mov dec mov], 3
[dec mov imul], 3
[mov imul jmp], 3
[movsd lea mov], 12
[xor mov test], 6
[mov test setz], 2
[test setz add], 1
[setz add jmp], 3
[mov mov xorps], 2
[mov xorps test], 1
[xorps test js], 1
[test js cvtsi2sd], 1
[js cvtsi2sd jmp], 1
[cvtsi2sd jmp mov], 1
[mov mov shr], 2
[mov shr and], 2
[shr and or], 1
[and or cvtsi2sd], 1
[or cvtsi2sd addsd], 1
[cvtsi2sd addsd nop], 1
[addsd nop cmp], 1
[xor jmp movaps], 1
[jmp movaps call], 1
[movaps call call], 1
[call call movaps], 1
[call movaps movaps], 2
[movaps movaps call], 1
[movaps call movaps], 1
[call movaps mov], 1
[movaps mov jmp], 1
[mov mov cmova], 2
[mov cmova jmp], 2
[cmova jmp mov], 2
[jmp xor movaps], 1
[xor movaps comisd], 1
[movaps comisd jb], 1
[comisd jb subsd], 1
[jb subsd comisd], 1
[subsd comisd jnb], 1
[comisd jnb mov], 1
[jnb mov cvttsd2si], 1
[mov cvttsd2si add], 1
[cvttsd2si add mov], 1
[add mov imul], 1
[mov imul mov], 3
[imul mov call], 3
[pop retn mov], 4
[retn mov call], 1
[mov call lea], 12
[mov call call], 1
[xor mov xchg], 1
[mov xchg lea], 1
[xchg lea cmp], 1
[jmp mov call], 18
[mov mov add], 19
[xor mov add], 2
[mov add call], 2
[add call dec], 1
[call dec mov], 1
[dec mov jmp], 1
[imul jmp mov], 2
[add jmp xor], 3
[test setz jmp], 1
[setz jmp inc], 2
[jmp inc mov], 2
[jnz xor mov], 1
[mov cmp setz], 1
[cmp setz jmp], 1
[setz jmp xor], 1
[mov nop test], 3
[nop test jz], 3
[test jz cmp], 3
[jz cmp jz], 5
[cmp jz cmp], 5
[jmp mov movq], 2
[mov movq imul], 2
[movq imul mov], 2
[mov call xorps], 2
[call xorps xor], 2
[xorps xor mov], 2
[call movups mov], 3
[movups mov movups], 6
[movups jmp mov], 4
[mov lea add], 12
[lea add mov], 3
[add mov mov], 4
[mov mov inc], 9
[inc mov call], 1
[mov add movups], 1
[add movups movups], 1
[call mov call], 5
[mov xor nop], 3
[xor nop lea], 2
[add call mov], 1
[lea lea call], 4
[call mov movups], 5
[movups jmp cmp], 2
[retn mov mov], 2
[mov movaps movzx], 1
[movaps movzx mov], 1
[add jmp test], 1
[mov mov setz], 3
[mov setz jmp], 2
[cmp jnz cmp], 3
[jnz cmp mov], 1
[setz jmp mov], 1
[jnz mov lea], 9
[mov inc jmp], 8
[inc jmp mov], 8
[lea nop mov], 1
[cmp jnz test], 1
[jnz test mov], 1
[and jmp lea], 2
[jmp lea call], 7
[lea jmp lea], 1
[jmp lea jmp], 3
[push push mov], 1
[push mov call], 1
[mov add mov], 9
[lea nop lea], 2
[cmovz jmp test], 1
[lea add jmp], 8
[cmp jnb xor], 5
[jnb xor inc], 5
[xor inc mov], 5
[call xor lea], 2
[xor lea movups], 1
[lea movups movups], 10
[movups movsd movsd], 3
[movsd movsd movups], 1
[movsd movups call], 1
[movups call mov], 11
[mov jmp movzx], 1
[jmp movzx neg], 1
[movzx neg mov], 1
[neg mov sbb], 1
[mov sbb and], 1
[mov mov and], 5
[mov and mov], 5
[and mov jmp], 2
[mov call jmp], 3
[call jmp mov], 2
[mov movsd call], 2
[lea xor nop], 1
[mov mov setnz], 3
[mov setnz add], 1
[mov setz mov], 1
[setz mov jmp], 1
[call mov movaps], 1
[mov movaps lea], 1
[mov lea movups], 10
[movups movups movaps], 9
[movups movaps movups], 8
[movaps movups call], 10
[movups call movaps], 2
[lea mov movups], 5
[lea movaps mov], 1
[movaps mov call], 1
[lea xor mov], 6
[add mov call], 2
[xor mov movaps], 1
[lea lea nop], 1
[movaps mov lea], 2
[call lea xor], 3
[lea xor movaps], 2
[xor movaps call], 2
[lea sub movaps], 2
[mov lea movsd], 1
[lea movsd xor], 1
[movsd xor movsd], 1
[xor movsd mov], 1
[movups call movups], 1
[mov test setnz], 1
[test setnz add], 2
[lea call lea], 4
[movaps call movsd], 2
[call movsd lea], 3
[movsd movups movsd], 1
[movsd movsd call], 3
[movsd call xor], 1
[lea mov movsd], 1
[lea mov imul], 2
[imul mov jmp], 2
[cmovz jmp movsd], 2
[jmp movsd lea], 7
[cmp jnz imul], 1
[jnz imul mov], 1
[imul mov mov], 1
[mov setnz inc], 1
[setnz inc jmp], 1
[mov jmp movsd], 5
[cmp jnz movups], 1
[jnz movups mov], 1
[mov movups psrldq], 1
[movups psrldq movq], 1
[psrldq movq movups], 2
[movq movups jmp], 1
[lea call xorps], 1
[call xorps lea], 1
[xorps lea mov], 1
[movups movups xorps], 1
[movups xorps movups], 1
[xorps movups call], 1
[movsd movsd movaps], 1
[movsd movaps movups], 1
[movups call lea], 1
[xor call movaps], 1
[mov call add], 8
[call add pop], 5
[lea mov movq], 1
[mov movq mov], 1
[movq mov mov], 2
[add jmp lea], 4
[lea call movsd], 1
[movups mov jmp], 2
[lea call xor], 2
[mov jmp call], 1
[call lea call], 3
[lea lea lea], 1
[lea mov shr], 1
[mov shr mov], 1
[shr mov mov], 1
[add jmp movsxd], 3
[jmp movsxd sar], 4
[movsxd sar and], 4
[sar and mov], 3
[and mov add], 3
[lea xor lea], 3
[xor lea xor], 1
[retn call call], 1
[jmp mov test], 3
[movups movups movq], 3
[movups movq jmp], 1
[movq jmp mov], 1
[lea mov cmp], 3
[mov mov shl], 4
[mov shl mov], 4
[shl mov jmp], 4
[lea add xor], 1
[add xor mov], 2
[movsd lea call], 1
[mov cmp mov], 2
[cmp mov cmovb], 1
[mov cmovb jmp], 1
[cmovb jmp lea], 1
[lea call jmp], 1
[cmp mov setz], 1
[mov setz add], 1
[jmp cmp setnbe], 1
[cmp setnbe mov], 1
[setnbe mov jmp], 1
[mov xor test], 1
[xor test mov], 1
[mov setnz jmp], 1
[setnz jmp xor], 2
[cmovz jmp lea], 2
[movups movq movups], 1
[movups movq movq], 1
[movq movq jmp], 1
[movq jmp test], 1
[mov cmp cmovnb], 1
[cmp cmovnb jmp], 1
[cmovnb jmp xor], 3
[movups movups call], 3
[jmp lea xor], 2
[movups mov lea], 1
[lea movups lea], 1
[mov movups lea], 1
[movups lea movaps], 1
[lea movaps movups], 1
[movups movaps call], 1
[movups jmp movaps], 1
[call jmp cmp], 1
[xor mov xorps], 1
[xorps mov movdqu], 1
[mov movdqu mov], 1
[movdqu mov mov], 4
[cmovz jmp cmp], 1
[xorps mov xorps], 1
[mov xorps movdqu], 1
[xorps movdqu movdqu], 1
[movdqu movdqu mov], 4
[mov mov movdqu], 2
[mov movdqu movdqu], 3
[movdqu mov movdqa], 1
[mov movdqa movdqa], 1
[movdqa movdqa movdqa], 3
[movdqa movdqa movdqu], 1
[movdqa movdqu mov], 1
[movdqu mov movdqu], 1
[mov mov movsxd], 1
[mov movsxd movsxd], 2
[movsxd movsxd mov], 2
[movsxd mov movsxd], 1
[movsxd movsxd movsxd], 3
[movsxd mov mov], 2
[xor lea cmp], 2
[cmp ja movzx], 1
[ja movzx lea], 1
[mov mov cmovge], 7
[mov cmovge jmp], 7
[cmovge jmp mov], 5
[mov call movsd], 2
[call movsd movsd], 2
[call mov movsd], 1
[movsd call movsd], 1
[call movsd mov], 1
[movsd mov call], 1
[cmovge jmp cmp], 1
[jmp lea inc], 1
[lea inc mov], 1
[cmovge jmp lea], 1
[inc jmp lea], 1
[mov xor add], 2
[xor add pop], 2
[lea mov inc], 1
[movups movsd movq], 1
[call xor jmp], 2
[cmp jnz movaps], 1
[jnz movaps mov], 1
[xor lea call], 1
[test mov cmovz], 1
[jmp xor add], 2
[xor add retn], 2
[xor nop mov], 1
[jnz lea jmp], 1
[jmp xor cmp], 1
[xor cmp setz], 1
[cmp setz add], 1
[lea call movups], 1
[movsd movups movups], 1
[jnz mov movq], 1
[mov movq call], 1
[mov jmp movsxd], 1
[sar and add], 1
[and add jmp], 1
[call jmp xor], 1
[jmp xor test], 1
[xor test setnz], 1
[xor nop cmp], 1
[mov cmovs jmp], 1
[cmovs jmp mov], 1
[test mov cmovns], 1
[mov cmovns jmp], 1
[cmovns jmp lea], 1
[mov sub mov], 4
[call add retn], 3
[movups lea movq], 1
[lea movq mov], 1
[mov mov movdqa], 1
[mov movdqa psrldq], 1
[movdqa psrldq movq], 2
[movq movups movdqa], 1
[movups movdqa psrldq], 1
[psrldq movq nop], 1
[movq nop mov], 1
[cmp jnz add], 1
[jnz add mov], 1
[movsd jmp movups], 1
[movsd movups lea], 1
[movups lea movsd], 1
[sub mov call], 1
[push mov mov], 1
[and mov test], 1
[test mov jz], 1
[mov jz mov], 1
[jz mov movsxd], 1
[mov movsxd neg], 1
[movsxd neg add], 1
[neg add movsxd], 1
[add movsxd and], 1
[movsxd and movsxd], 1
[and movsxd mov], 1
[test jz movzx], 1
[jz movzx mov], 1
[movzx mov and], 1
[mov and add], 1
[and add xor], 1
[xor mov pop], 1
[mov pop jmp], 1
[mov push mov], 1
[push mov sub], 1
[mov cmp jnz], 5
[lea xor call], 1
[mov lea shl], 1
[lea shl xor], 1
[shl xor xor], 1
[xor xor xor], 1
[xor mov and], 1
[and mov cmp], 3
[mov cmp cmovz], 1
[cmp cmovz mov], 1
[cmovz mov mov], 1
[mov mov not], 1
[mov not mov], 1
[not mov add], 1
[mov push lea], 1
[mov call test], 1
[call test jz], 3
[test jz mov], 3
[jz mov int], 1
[mov int mov], 1
[int mov call], 1
[xor call test], 2
[jz mov lea], 1
[lea call test], 1
[call test jnz], 1
[test jnz cmp], 1
[jnz cmp jz], 1
[cmp jz lea], 2
[jz lea call], 1
[sub xor call], 1
[jz mov cmp], 1
[cmp jnz movsxd], 1
[jnz movsxd cmp], 1
[movsxd cmp jnz], 1
[jnz mov cmp], 2
[jnz cmp jbe], 1
[cmp jbe cmp], 2
[jbe cmp setnz], 1
[cmp setnz jmp], 1
[jnz cmp jnz], 1
[mov cmp jz], 2
[jz lea cmp], 1
[lea cmp jbe], 1
[jbe cmp jz], 1
[cmp jz mov], 1
[jz mov xor], 1
[retn call mov], 1
[push sub lea], 2
[sub lea lea], 2
[lea lea jmp], 2
[test jz call], 2
[jz call add], 2
[call add cmp], 2
[add cmp jb], 2
[cmp jb mov], 2
[jb mov add], 2
[push sub xor], 1
[sub xor xor], 1
[xor xor cpuid], 1
[xor cpuid xor], 1
[cpuid xor xor], 1
[xor xor or], 1
[xor or mov], 1
[or mov mov], 3
[mov xor or], 1
[xor or lea], 1
[or lea cpuid], 1
[lea cpuid mov], 2
[cpuid mov jnz], 1
[mov jnz and], 1
[jnz and mov], 1
[and mov mov], 4
[cmp jz add], 1
[jz add cmp], 1
[add cmp ja], 1
[ja mov bt], 1
[mov bt jnb], 9
[bt jnb mov], 4
[jnb mov or], 1
[mov or mov], 2
[or mov jmp], 1
[mov cmp jl], 3
[cmp jl lea], 1
[jl lea xor], 1
[lea xor cpuid], 1
[xor cpuid mov], 2
[cpuid mov mov], 3
[mov mov bt], 3
[bt jnb or], 1
[jnb or mov], 1
[or mov cmp], 1
[cmp jl mov], 1
[jl mov lea], 1
[mov lea cpuid], 1
[cmp jl xor], 1
[jl xor cpuid], 1
[bt jnb and], 1
[jnb and mov], 1
[bt jnb xor], 1
[jnb xor xgetbv], 1
[xor xgetbv shl], 1
[xgetbv shl or], 1
[shl or mov], 1
[or mov bt], 1
[jnb mov and], 2
[mov and cmp], 3
[and cmp jnz], 3
[mov mov or], 1
[test jz or], 1
[jz or mov], 1
[mov and and], 1
[and and mov], 2
[jnz mov and], 1
[jnz mov or], 1
[mov or and], 1
[or and mov], 1
[jmp mov bt], 1
[bt jnb btr], 2
[jnb btr mov], 2
[btr mov bt], 1
[shr and and], 1
[and mov or], 1
[mov or not], 1
[or not and], 1
[not and mov], 1
[mov cmp jbe], 1
[cmp jbe and], 1
[jbe and mov], 1
[and mov bt], 1
[jnb mov bt], 1
[btr mov xor], 1
