[call lea retn], 1
[mov mov mov], 110
[mov mov push], 14
[mov push mov], 7
[push mov call], 11
[mov call sub], 15
[call sub call], 8
[sub call lea], 2
[call lea call], 7
[lea call mov], 26
[call mov mov], 23
[mov mov call], 33
[mov call test], 18
[call test mov], 1
[test mov cmovs], 1
[mov cmovs add], 1
[cmovs add pop], 1
[add pop retn], 11
[call mov xor], 14
[mov xor mov], 26
[xor mov mov], 17
[mov call add], 3
[call add pop], 4
[mov push push], 7
[push push push], 18
[push push mov], 4
[sub call mov], 5
[call mov lea], 36
[mov lea mov], 43
[lea mov call], 36
[mov call mov], 50
[call mov call], 7
[mov call xor], 6
[call xor mov], 1
[add pop pop], 7
[pop pop pop], 18
[pop pop retn], 7
[mov lea xor], 3
[lea xor lea], 2
[xor lea mov], 26
[lea mov xor], 12
[mov xor xor], 2
[xor xor mov], 3
[xor mov call], 10
[call test js], 1
[test js mov], 1
[js mov mov], 1
[mov mov cmp], 6
[mov cmp lea], 1
[cmp lea jnz], 4
[lea jnz mov], 1
[jnz mov lea], 3
[lea mov mov], 29
[mov mov add], 2
[mov add pop], 11
[pop retn lea], 1
[retn lea call], 1
[lea call add], 3
[call mov test], 9
[mov test jnz], 4
[test jnz lea], 18
[jnz lea add], 1
[lea add pop], 1
[add pop jmp], 1
[pop jmp mov], 1
[jmp mov xor], 2
[xor mov xor], 1
[mov mov xor], 6
[xor mov lea], 2
[mov test jz], 12
[test jz test], 1
[jz test jnz], 1
[test jnz mov], 5
[jnz mov call], 3
[mov lea call], 21
[lea call lea], 9
[call lea mov], 20
[call mov add], 5
[mov push lea], 2
[push lea mov], 4
[call sub mov], 6
[sub mov xor], 6
[call xor lea], 15
[mov call lea], 8
[lea call xor], 9
[mov call movups], 2
[call movups mov], 2
[movups mov mov], 7
[mov mov movaps], 1
[mov movaps xorps], 1
[movaps xorps movups], 1
[xorps movups movups], 1
[movups movups movups], 53
[movups movups call], 11
[movups call lea], 4
[mov mov lea], 26
[lea mov nop], 2
[mov nop cmp], 2
[nop cmp lea], 2
[lea jnz lea], 3
[jnz lea lea], 1
[lea lea lea], 7
[lea lea call], 7
[lea mov lea], 23
[lea call cmp], 1
[call cmp jnz], 1
[cmp jnz lea], 3
[jnz lea call], 14
[mov xor call], 9
[xor call lea], 3
[mov mov pop], 4
[mov pop retn], 3
[mov mov test], 4
[test jz cmp], 2
[jz cmp ja], 1
[cmp ja mov], 2
[ja mov jmp], 1
[mov jmp xorps], 1
[jmp xorps test], 1
[xorps test js], 1
[test js cvtsi2sd], 1
[js cvtsi2sd jmp], 1
[cvtsi2sd jmp mov], 1
[jmp mov and], 1
[mov and shr], 1
[and shr or], 1
[shr or cvtsi2sd], 1
[or cvtsi2sd addsd], 1
[cvtsi2sd addsd call], 1
[addsd call call], 1
[call call movaps], 1
[call movaps movsd], 2
[movaps movsd call], 2
[movsd call movsd], 2
[call movsd xor], 2
[movsd xor comisd], 2
[xor comisd jb], 2
[comisd jb subsd], 2
[jb subsd comisd], 2
[subsd comisd jnb], 2
[comisd jnb mov], 2
[jnb mov mov], 2
[mov mov cvttsd2si], 2
[mov cvttsd2si add], 2
[cvttsd2si add mov], 1
[add mov imul], 1
[mov imul mov], 1
[imul mov call], 1
[lea call nop], 1
[call nop call], 2
[nop call mov], 2
[call sub movaps], 1
[sub movaps lea], 1
[movaps lea movaps], 1
[lea movaps lea], 1
[movaps lea mov], 1
[lea mov movaps], 1
[mov movaps call], 1
[movaps call lea], 1
[mov lea lea], 20
[lea lea movups], 5
[lea movups movups], 5
[movups call mov], 5
[call mov movups], 1
[mov movups movups], 10
[movups movups xor], 1
[movups xor movups], 1
[xor movups mov], 2
[movups mov xorps], 1
[mov xorps mov], 3
[xorps mov movups], 3
[movups movups movsd], 1
[movups movsd call], 1
[movsd call nop], 1
[nop call movaps], 1
[cvttsd2si add add], 1
[add add mov], 1
[add mov call], 2
[call test jnz], 15
[lea call call], 1
[call call mov], 2
[lea mov movups], 5
[mov movups xor], 1
[movups xor xor], 1
[xor xor movq], 1
[xor movq xor], 1
[movq xor movups], 1
[movups mov movups], 2
[movups movups mov], 6
[mov mov psrldq], 2
[mov psrldq movq], 2
[psrldq movq mov], 2
[movq mov call], 2
[mov call movq], 1
[call movq mov], 1
[movq mov lea], 1
[call mov cmp], 3
[mov cmp ja], 1
[cmp ja lea], 1
[ja lea call], 1
[mov cmp jg], 1
[cmp jg mov], 1
[jg mov lea], 1
[mov lea movaps], 1
[lea movaps movaps], 1
[movaps movaps movaps], 1
[movaps movaps mov], 1
[movaps mov pop], 1
[mov pop jmp], 2
[lea lea mov], 8
[mov cmp jz], 3
[cmp jz mov], 2
[jz mov mov], 1
[mov mov nop], 3
[mov nop movzx], 1
[nop movzx movzx], 1
[movzx movzx cmp], 1
[movzx cmp jnz], 1
[cmp jnz test], 1
[jnz test jz], 1
[jz cmp jnz], 1
[cmp jnz cmp], 4
[jnz cmp jnz], 2
[jnz cmp jz], 2
[cmp jz lea], 4
[jz lea mov], 2
[lea call test], 3
[call test jz], 7
[test jz lea], 1
[mov mov jmp], 2
[mov jmp mov], 3
[jmp mov mov], 3
[mov call nop], 3
[call nop test], 3
[nop test jnz], 4
[test jnz imul], 1
[jnz imul mov], 1
[imul mov mov], 1
[xor call add], 1
[movups call xor], 1
[mov nop inc], 1
[nop inc cmp], 2
[inc cmp jnz], 5
[jnz lea mov], 4
[lea mov test], 1
[test jz mov], 7
[jz mov lea], 3
[lea call xchg], 1
[call xchg test], 2
[xchg test jz], 1
[jz mov call], 2
[jnz lea jmp], 2
[lea jmp mov], 3
[jnz mov mov], 4
[mov call cmp], 1
[call cmp jz], 1
[jz lea call], 2
[test jz call], 8
[jz call mov], 4
[push push lea], 3
[mov lea xorps], 2
[lea xorps mov], 2
[xorps mov lea], 2
[mov lea movups], 2
[lea movups mov], 2
[mov mov movups], 5
[mov movups lea], 2
[movups lea mov], 2
[movups mov call], 2
[mov lea inc], 3
[lea inc cmp], 3
[cmp jnz add], 4
[jnz add mov], 4
[add mov xor], 4
[mov xor lea], 8
[xor call mov], 6
[lea lea xor], 1
[lea xor mov], 1
[mov call xchg], 1
[xchg test jnz], 1
[mov lea nop], 1
[lea nop inc], 1
[call mov xorps], 2
[mov movups mov], 3
[movups mov lea], 2
[lea call movzx], 1
[call movzx xor], 1
[movzx xor cmp], 1
[xor cmp jnz], 1
[cmp jnz mov], 8
[test jz jmp], 1
[jz jmp nop], 1
[jmp nop test], 1
[jnz lea nop], 1
[lea nop call], 1
[lea jmp xor], 1
[jmp xor lea], 1
[mov lea cmp], 2
[lea cmp lea], 1
[mov pop pop], 1
[sub call xor], 1
[call xor call], 1
[movups call movups], 1
[call movups movups], 2
[jz call test], 1
[mov call call], 1
[call mov nop], 1
[mov nop test], 2
[nop test jz], 2
[test jz nop], 1
[jz nop mov], 1
[nop mov mov], 1
[jnz lea xchg], 1
[lea xchg call], 1
[xchg call mov], 1
[lea cmp jnz], 1
[call mov imul], 1
[mov imul movups], 1
[imul movups movups], 1
[movups mov movq], 1
[mov movq movups], 1
[movq movups movups], 1
[jz call movups], 1
[movups movups jmp], 1
[movups jmp mov], 1
[lea mov dec], 1
[mov dec imul], 1
[dec imul add], 1
[imul add call], 1
[add call inc], 1
[call inc cmp], 1
[inc cmp jb], 1
[cmp jb mov], 3
[jb mov add], 3
[pushfq push push], 1
[push push sub], 1
[push sub sub], 1
[sub sub movdqu], 1
[sub movdqu movdqu], 1
[movdqu movdqu movdqu], 8
[movdqu movdqu rdtsc], 1
[movdqu rdtsc shl], 1
[rdtsc shl mov], 2
[shl mov or], 2
[mov or sub], 2
[or sub lea], 1
[sub lea call], 2
[call add sub], 1
[add sub lea], 1
[call add rdtsc], 1
[add rdtsc shl], 1
[or sub sub], 1
[sub sub lea], 1
[sub lea mov], 1
[call add movdqu], 1
[add movdqu movdqu], 1
[movdqu movdqu add], 1
[movdqu add add], 1
[add add pop], 1
[pop pop popfq], 1
[pop popfq retn], 1
[push mov sub], 1
[mov sub mov], 1
[sub mov mov], 3
[mov cmp jnz], 5
[lea xor call], 1
[mov lea shl], 1
[lea shl xor], 1
[shl xor xor], 1
[xor xor xor], 1
[xor mov and], 1
[mov and mov], 3
[and mov cmp], 3
[mov cmp cmovz], 1
[cmp cmovz mov], 1
[cmovz mov mov], 1
[mov mov not], 1
[mov not mov], 1
[not mov add], 1
[push lea sub], 1
[lea sub mov], 1
[jz mov int], 1
[mov int mov], 1
[int mov call], 1
[xor call test], 2
[lea mov add], 1
[mov add mov], 1
[test jnz cmp], 1
[sub xor call], 1
[jz mov cmp], 1
[cmp jnz movsxd], 1
[jnz movsxd cmp], 1
[movsxd cmp jnz], 1
[jnz mov cmp], 2
[jnz cmp jbe], 1
[cmp jbe cmp], 2
[jbe cmp setnz], 1
[cmp setnz jmp], 1
[setnz jmp xor], 1
[jmp xor add], 1
[xor add retn], 1
[mov push sub], 4
[push sub mov], 1
[jz lea cmp], 1
[lea cmp jbe], 1
[jbe cmp jz], 1
[jz mov xor], 1
[mov xor add], 1
[xor add pop], 1
[pop retn call], 1
[retn call mov], 1
[push sub lea], 2
[sub lea lea], 2
[lea lea jmp], 2
[jmp mov test], 2
[jz call add], 2
[call add cmp], 2
[add cmp jb], 2
[push sub xor], 1
[sub xor xor], 1
[xor xor cpuid], 1
[xor cpuid xor], 1
[cpuid xor xor], 1
[xor xor or], 1
[xor or mov], 1
[or mov mov], 3
[mov xor or], 1
[xor or lea], 1
[or lea cpuid], 1
[lea cpuid mov], 2
[cpuid mov jnz], 1
[mov jnz and], 1
[jnz and mov], 1
[and mov mov], 4
[cmp jz cmp], 2
[jz cmp jz], 2
[cmp jz add], 1
[jz add cmp], 1
[add cmp ja], 1
[ja mov bt], 1
[mov bt jnb], 9
[bt jnb mov], 4
[jnb mov or], 1
[mov or mov], 2
[or mov jmp], 1
[mov cmp jl], 3
[cmp jl lea], 1
[jl lea xor], 1
[lea xor cpuid], 1
[xor cpuid mov], 2
[cpuid mov mov], 3
[mov mov bt], 3
[bt jnb or], 1
[jnb or mov], 1
[or mov cmp], 1
[cmp jl mov], 1
[jl mov lea], 1
[mov lea cpuid], 1
[cmp jl xor], 1
[jl xor cpuid], 1
[mov mov and], 3
[bt jnb and], 1
[jnb and mov], 1
[bt jnb xor], 1
[jnb xor xgetbv], 1
[xor xgetbv shl], 1
[xgetbv shl or], 1
[shl or mov], 1
[or mov bt], 1
[jnb mov and], 2
[mov and cmp], 3
[and cmp jnz], 3
[mov mov or], 1
[test jz or], 1
[jz or mov], 1
[mov and and], 1
[and and mov], 2
[jnz mov and], 1
[jnz mov or], 1
[mov or and], 1
[or and mov], 1
[jmp mov bt], 1
[bt jnb btr], 2
[jnb btr mov], 2
[btr mov bt], 1
[mov mov shr], 1
[mov shr and], 1
[shr and and], 1
[and mov or], 1
[mov or not], 1
[or not and], 1
[not and mov], 1
[mov cmp jbe], 1
[cmp jbe and], 1
[jbe and mov], 1
[and mov bt], 1
[jnb mov bt], 1
[btr mov xor], 1
[push mov mov], 1
[and mov test], 1
[mov test mov], 1
[test mov jz], 1
[mov jz mov], 1
[jz mov movsxd], 1
[mov movsxd neg], 1
[movsxd neg add], 1
[neg add movsxd], 1
[add movsxd and], 1
[movsxd and movsxd], 1
[and movsxd mov], 1
[movsxd mov mov], 1
[test jz movzx], 1
[jz movzx mov], 1
[movzx mov and], 1
[mov and add], 1
[and add xor], 1
[add xor mov], 1
[xor mov pop], 1
