[sub lea call], 3
[lea call lea], 29
[call lea call], 22
[call lea add], 3
[lea add jmp], 1
[mov mov push], 22
[mov push sub], 18
[push sub xor], 2
[sub xor lea], 1
[xor lea xor], 4
[lea xor mov], 7
[xor mov call], 12
[mov call lea], 20
[call lea xor], 3
[lea xor xor], 4
[xor xor lea], 3
[xor lea mov], 16
[lea mov call], 44
[mov call test], 25
[call test js], 2
[test js mov], 2
[js mov mov], 1
[mov mov mov], 135
[mov mov call], 73
[mov call mov], 84
[call mov mov], 50
[mov mov lea], 24
[mov lea mov], 45
[mov call xor], 12
[call xor mov], 10
[xor mov lea], 3
[mov lea call], 33
[lea call mov], 49
[mov mov add], 9
[mov add pop], 19
[add pop retn], 21
[pop retn lea], 1
[retn lea call], 1
[lea call add], 2
[call add pop], 7
[push sub lea], 4
[call mov xor], 18
[mov xor mov], 32
[xor mov mov], 31
[mov call add], 2
[mov push push], 10
[push push push], 31
[push push lea], 5
[push lea sub], 7
[lea sub mov], 7
[sub mov xor], 13
[lea mov xor], 7
[call xor lea], 12
[js mov call], 1
[call mov lea], 46
[mov lea lea], 22
[lea lea mov], 4
[mov call jmp], 2
[call jmp lea], 3
[jmp lea call], 4
[lea call xor], 8
[call mov call], 19
[lea mov lea], 13
[mov call xorps], 1
[call xorps movups], 1
[xorps movups movups], 1
[movups movups movups], 57
[movups movups call], 15
[movups call lea], 3
[call lea mov], 21
[lea mov mov], 22
[lea mov add], 2
[mov add lea], 1
[add lea lea], 1
[lea lea call], 18
[call lea shr], 1
[lea shr mov], 1
[shr mov mov], 1
[mov xor call], 14
[xor call mov], 10
[call mov add], 8
[add pop pop], 10
[pop pop pop], 31
[pop pop retn], 10
[sub mov lea], 6
[lea lea lea], 10
[lea lea movups], 7
[lea movups movups], 15
[movups call mov], 7
[movups call movups], 1
[call movups movups], 5
[movups movups add], 1
[movups add retn], 1
[push sub mov], 15
[mov lea xor], 5
[mov call cmp], 11
[call cmp jnz], 3
[cmp jnz lea], 7
[jnz lea call], 15
[mov mov xor], 9
[xor call add], 4
[call mov test], 8
[mov test jnz], 7
[test jnz lea], 14
[jnz lea add], 2
[lea add pop], 2
[add pop jmp], 2
[pop jmp mov], 1
[jmp mov lea], 4
[xor xor mov], 2
[mov test jz], 10
[test jz test], 1
[jz test jnz], 1
[test jnz mov], 8
[jnz mov call], 3
[push push sub], 5
[call test mov], 3
[test mov cmovs], 1
[mov cmovs add], 1
[cmovs add pop], 1
[call test jnz], 19
[pop jmp add], 1
[jmp add pop], 1
[mov mov imul], 3
[mov imul add], 2
[imul add retn], 2
[mov mov dec], 3
[mov dec imul], 2
[dec imul add], 2
[mov mov test], 6
[test jz cmp], 4
[jz cmp ja], 2
[cmp ja mov], 3
[ja mov jmp], 2
[mov jmp xorps], 2
[jmp xorps test], 2
[xorps test js], 2
[test js cvtsi2sd], 2
[js cvtsi2sd jmp], 2
[cvtsi2sd jmp mov], 2
[jmp mov and], 2
[mov and shr], 2
[and shr or], 2
[shr or cvtsi2sd], 2
[or cvtsi2sd addsd], 2
[cvtsi2sd addsd call], 2
[addsd call call], 2
[call call movaps], 2
[call movaps movsd], 2
[movaps movsd call], 2
[movsd call movsd], 2
[call movsd xor], 2
[movsd xor comisd], 2
[xor comisd jb], 2
[comisd jb subsd], 2
[jb subsd comisd], 2
[subsd comisd jnb], 2
[comisd jnb mov], 2
[jnb mov mov], 2
[mov mov cvttsd2si], 2
[mov cvttsd2si add], 2
[cvttsd2si add mov], 1
[add mov imul], 1
[mov imul mov], 2
[imul mov call], 2
[lea call call], 2
[call call mov], 3
[xor mov test], 1
[test jz call], 4
[jz call mov], 1
[xor mov cmp], 1
[mov cmp setz], 1
[cmp setz retn], 1
[imul add call], 1
[add call dec], 1
[call dec add], 1
[dec add pop], 1
[sub mov mov], 5
[mov lea cmp], 1
[lea cmp jnz], 1
[cmp jnz mov], 10
[jnz mov xor], 2
[cvttsd2si add imul], 1
[add imul mov], 1
[imul mov mov], 1
[jz call movups], 1
[movups movups jmp], 2
[movups jmp mov], 1
[jmp mov mov], 6
[mov dec mov], 1
[dec mov mov], 1
[imul add mov], 1
[add mov call], 2
[mov mov movzx], 2
[mov movzx retn], 1
[sub mov xorps], 1
[mov xorps mov], 1
[xorps mov xor], 1
[mov xor movups], 2
[xor movups movups], 1
[movups movups mov], 4
[movups mov call], 2
[mov add mov], 2
[add mov inc], 1
[mov inc call], 1
[inc call movups], 1
[movups mov mov], 3
[mov add call], 1
[add call mov], 1
[push sub xorps], 2
[sub xorps xor], 1
[xorps xor movups], 1
[xor movups mov], 1
[mov mov movups], 4
[mov movups mov], 3
[mov lea movups], 2
[lea call movups], 3
[movups mov movups], 2
[mov movups movups], 8
[movups movups lea], 1
[movups lea test], 1
[lea test jz], 1
[test jz mov], 9
[jz mov mov], 5
[mov movzx mov], 1
[movzx mov inc], 1
[mov inc add], 1
[inc add pop], 1
[mov push lea], 3
[movups movups xor], 1
[movups xor xorps], 1
[xor xorps mov], 1
[xorps mov movups], 2
[movups call xor], 3
[xor lea movups], 2
[movups movups movsd], 6
[movups movsd movsd], 6
[movsd movsd call], 6
[movsd call lea], 3
[mov xor lea], 7
[xor mov xor], 2
[xor lea call], 2
[call cmp ja], 1
[cmp ja lea], 1
[ja lea call], 1
[call cmp jg], 1
[cmp jg mov], 1
[jg mov lea], 1
[mov mov pop], 2
[mov pop retn], 2
[call lea lea], 3
[call mov cmp], 5
[mov cmp jz], 4
[cmp jz mov], 11
[lea call test], 5
[call test jz], 9
[test jz lea], 4
[jz lea lea], 1
[jz lea mov], 1
[test mov jz], 2
[mov jz lea], 1
[jz lea call], 5
[mov mov jmp], 2
[mov jmp mov], 4
[jmp mov call], 1
[jnz mov mov], 8
[lea mov movups], 2
[jnz lea jmp], 2
[lea jmp mov], 4
[jnz mov lea], 1
[call cmp jz], 8
[cmp jz lea], 3
[xor call lea], 1
[push lea mov], 1
[mov call sub], 1
[call sub mov], 1
[mov mov nop], 1
[mov nop cmp], 1
[nop cmp jnz], 1
[cmp jnz movzx], 1
[jnz movzx test], 1
[movzx test jz], 1
[jz cmp jnz], 1
[cmp jnz cmp], 3
[jnz cmp jz], 2
[jz mov bt], 1
[mov bt jb], 1
[bt jb test], 1
[jb test jz], 1
[jz mov lea], 11
[call lea movups], 3
[movsd call cmp], 2
[call jmp mov], 2
[test jnz xor], 2
[jnz xor lea], 2
[jz mov xor], 2
[jnz lea lea], 1
[lea call jmp], 4
[call xor cmp], 1
[xor cmp setnbe], 1
[cmp setnbe test], 1
[setnbe test jnz], 1
[test jnz jmp], 1
[jnz jmp mov], 1
[call cmp lea], 1
[cmp lea jz], 1
[lea jz mov], 1
[mov lea nop], 1
[lea nop mov], 1
[nop mov lea], 1
[lea add cmp], 2
[add cmp jnz], 2
[call movups lea], 1
[movups lea movups], 1
[movups call test], 1
[movsd call xor], 1
[mov cmp jnz], 8
[call jmp cmp], 1
[jmp cmp jnz], 1
[xor mov nop], 1
[mov nop mov], 1
[nop mov mov], 2
[test jnz call], 1
[jnz call cmp], 1
[lea call xorps], 2
[call xorps mov], 1
[xorps mov xorps], 1
[mov xorps jmp], 1
[xorps jmp mov], 2
[test jnz xorps], 1
[jnz xorps xorps], 1
[xorps xorps jmp], 1
[movups movups movq], 1
[movups movq movups], 1
[movq movups movups], 2
[movups movups test], 2
[movups test jz], 2
[jz cmp jz], 3
[cmp jz nop], 1
[jz nop mov], 2
[nop mov call], 1
[call add lea], 1
[add lea cmp], 1
[lea cmp jnb], 1
[cmp jnb mov], 1
[jnb mov call], 1
[call xor jmp], 1
[xor jmp xor], 1
[jmp xor mov], 1
[xor lea lea], 1
[call mov jmp], 1
[test jz movups], 1
[jz movups movups], 1
[movups jmp lea], 1
[call xorps xorps], 1
[xorps xorps movq], 1
[xorps movq movups], 1
[test mov setnz], 1
[mov setnz test], 1
[setnz test jz], 1
[mov mov sub], 1
[mov sub xor], 1
[sub xor call], 2
[mov call call], 2
[call call call], 2
[call call xor], 1
[call xor add], 1
[xor add retn], 2
[sub xorps mov], 1
[movups mov xor], 1
[xor movups lea], 1
[movups lea mov], 1
[call mov movups], 1
[mov xor test], 1
[xor test jz], 1
[test jz nop], 1
[mov call inc], 1
[call inc cmp], 1
[inc cmp jb], 1
[cmp jb mov], 3
[jb mov add], 3
[mov sub mov], 2
[sub mov add], 1
[mov add jmp], 1
[push mov mov], 1
[mov mov and], 3
[mov and mov], 3
[and mov test], 1
[mov test mov], 1
[mov jz mov], 1
[jz mov movsxd], 1
[mov movsxd neg], 1
[movsxd neg add], 1
[neg add movsxd], 1
[add movsxd and], 1
[movsxd and movsxd], 1
[and movsxd mov], 1
[movsxd mov mov], 1
[test jz movzx], 1
[jz movzx mov], 1
[movzx mov and], 1
[mov and add], 1
[and add xor], 1
[add xor mov], 1
[xor mov pop], 1
[mov pop jmp], 1
[mov push mov], 1
[push mov sub], 1
[mov mov cmp], 5
[jnz lea mov], 1
[lea xor call], 1
[mov lea shl], 1
[lea shl xor], 1
[shl xor xor], 1
[xor xor xor], 1
[xor mov and], 1
[and mov cmp], 3
[mov cmp cmovz], 1
[cmp cmovz mov], 1
[cmovz mov mov], 1
[mov mov not], 1
[mov not mov], 1
[not mov add], 1
[jz mov int], 1
[mov int mov], 1
[int mov call], 1
[xor call test], 2
[test jnz cmp], 1
[jz mov cmp], 1
[cmp jnz movsxd], 1
[jnz movsxd cmp], 1
[movsxd cmp jnz], 1
[jnz mov cmp], 2
[jnz cmp jbe], 1
[cmp jbe cmp], 2
[jbe cmp setnz], 1
[cmp setnz jmp], 1
[setnz jmp xor], 1
[jmp xor add], 1
[jnz cmp jnz], 1
[jz lea cmp], 1
[lea cmp jbe], 1
[jbe cmp jz], 1
[mov xor add], 1
[xor add pop], 1
[pop retn call], 1
[retn call mov], 1
[sub lea lea], 2
[lea lea jmp], 2
[jmp mov test], 2
[jz call add], 2
[call add cmp], 2
[add cmp jb], 2
[sub xor xor], 1
[xor xor cpuid], 1
[xor cpuid xor], 1
[cpuid xor xor], 1
[xor xor or], 1
[xor or mov], 1
[or mov mov], 3
[mov xor or], 1
[xor or lea], 1
[or lea cpuid], 1
[lea cpuid mov], 2
[cpuid mov jnz], 1
[mov jnz and], 1
[jnz and mov], 1
[and mov mov], 4
[cmp jz cmp], 2
[cmp jz add], 1
[jz add cmp], 1
[add cmp ja], 1
[ja mov bt], 1
[mov bt jnb], 9
[bt jnb mov], 4
[jnb mov or], 1
[mov or mov], 2
[or mov jmp], 1
[jmp mov xor], 1
[mov cmp jl], 3
[cmp jl lea], 1
[jl lea xor], 1
[lea xor cpuid], 1
[xor cpuid mov], 2
[cpuid mov mov], 3
[mov mov bt], 3
[bt jnb or], 1
[jnb or mov], 1
[or mov cmp], 1
[cmp jl mov], 1
[jl mov lea], 1
[mov lea cpuid], 1
[cmp jl xor], 1
[jl xor cpuid], 1
[bt jnb and], 1
[jnb and mov], 1
[bt jnb xor], 1
[jnb xor xgetbv], 1
[xor xgetbv shl], 1
[xgetbv shl or], 1
[shl or mov], 1
[or mov bt], 1
[jnb mov and], 2
[mov and cmp], 3
[and cmp jnz], 3
[mov mov or], 1
[test jz or], 1
[jz or mov], 1
[mov and and], 1
[and and mov], 2
[jnz mov and], 1
[jnz mov or], 1
[mov or and], 1
[or and mov], 1
[jmp mov bt], 1
[bt jnb btr], 2
[jnb btr mov], 2
[btr mov bt], 1
[mov mov shr], 1
[mov shr and], 1
[shr and and], 1
[and mov or], 1
[mov or not], 1
[or not and], 1
[not and mov], 1
[mov cmp jbe], 1
[cmp jbe and], 1
[jbe and mov], 1
[and mov bt], 1
[jnb mov bt], 1
[btr mov xor], 1
